{
    "function_stats": {
        "settrace": {
            "time": 0.13158583641052246,
            "calls": 1,
            "lines": {
                "80": {
                    "time": 0,
                    "calls": 1,
                    "code": "_trace_hook = func"
                }
            }
        },
        "main_function": {
            "time": 4.858382940292358,
            "calls": 1,
            "lines": {
                "14": {
                    "time": 1.7699341773986816,
                    "calls": 100001,
                    "code": "for _ in range(100000):"
                },
                "15": {
                    "time": 0.11131095886230469,
                    "calls": 100000,
                    "code": "_ = sum(range(1000))"
                },
                "18": {
                    "time": 5.9604644775390625e-06,
                    "calls": 1,
                    "code": "nested_function_1()"
                },
                "19": {
                    "time": 0.7187061309814453,
                    "calls": 1,
                    "code": "nested_function_2()"
                },
                "22": {
                    "time": 0.4299800395965576,
                    "calls": 1,
                    "code": "memory_intensive_function()"
                },
                "25": {
                    "time": 0.7634377479553223,
                    "calls": 1,
                    "code": "time.sleep(1)"
                }
            }
        },
        "nested_function_1": {
            "time": 0.7180719375610352,
            "calls": 1,
            "lines": {
                "30": {
                    "time": 0.17759323120117188,
                    "calls": 50001,
                    "code": "for _ in range(50000):"
                },
                "31": {
                    "time": 0.027313709259033203,
                    "calls": 50000,
                    "code": "_ = sum(range(500))"
                },
                "34": {
                    "time": 9.775161743164062e-06,
                    "calls": 1,
                    "code": "time.sleep(0.5)"
                }
            }
        },
        "nested_function_2": {
            "time": 0.42955589294433594,
            "calls": 1,
            "lines": {
                "39": {
                    "time": 0.09026002883911133,
                    "calls": 30001,
                    "code": "for _ in range(30000):"
                },
                "40": {
                    "time": 0.026493310928344727,
                    "calls": 30000,
                    "code": "_ = sum(range(300))"
                },
                "43": {
                    "time": 3.814697265625e-06,
                    "calls": 1,
                    "code": "time.sleep(0.3)"
                }
            }
        },
        "memory_intensive_function": {
            "time": 0.7584419250488281,
            "calls": 1,
            "lines": {
                "48": {
                    "time": 0,
                    "calls": 1,
                    "code": "large_list = [random.random() for _ in range(1000000)]"
                },
                "51": {
                    "time": 0.7423219680786133,
                    "calls": 1,
                    "code": "_ = sum(large_list)"
                },
                "52": {
                    "time": 0.003765106201171875,
                    "calls": 1,
                    "code": "_ = min(large_list)"
                },
                "53": {
                    "time": 0.00619196891784668,
                    "calls": 1,
                    "code": "_ = max(large_list)"
                }
            }
        },
        "<listcomp>": {
            "time": 0.7422211170196533,
            "calls": 1,
            "lines": {
                "48": {
                    "time": 0.6557471752166748,
                    "calls": 1000001,
                    "code": "large_list = [random.random() for _ in range(1000000)]"
                }
            }
        },
        "stop": {
            "time": 0,
            "calls": 1,
            "lines": {
                "38": {
                    "time": 0,
                    "calls": 1,
                    "code": "sys.settrace(None)"
                }
            }
        }
    },
    "memory_stats": {
        "settrace": {
            "memory_usage": 16711680
        },
        "nested_function_1": {
            "memory_usage": 16662528
        },
        "nested_function_2": {
            "memory_usage": 16662528
        },
        "<listcomp>": {
            "memory_usage": 56770560
        },
        "memory_intensive_function": {
            "memory_usage": 64274432
        },
        "main_function": {
            "memory_usage": 25853952
        }
    },
    "cpu_stats": {},
    "thread_stats": {
        "8273370624": {
            "time": 7.638259649276733,
            "calls": 7
        }
    },
    "process_stats": {
        "8273370624": {
            "time": 7.638259649276733,
            "calls": 7
        }
    }
}